Cancer Sites,Year,Sex, count by year and sex,Age Groups,Count by age group
All Invasive Cancer Sites Combined,1999,Female,631665,< 1 year,23487
All Invasive Cancer Sites Combined,1999,Male,672203,< 1 year,23487
All Invasive Cancer Sites Combined,2000,Female,641827,< 1 year,23487
All Invasive Cancer Sites Combined,2000,Male,689946,< 1 year,23487
All Invasive Cancer Sites Combined,2001,Female,662163,< 1 year,23487
All Invasive Cancer Sites Combined,2001,Male,714899,< 1 year,23487
All Invasive Cancer Sites Combined,2002,Female,667596,< 1 year,23487
All Invasive Cancer Sites Combined,2002,Male,726545,< 1 year,23487
All Invasive Cancer Sites Combined,2003,Female,675915,< 1 year,23487
All Invasive Cancer Sites Combined,2003,Male,731733,< 1 year,23487
All Invasive Cancer Sites Combined,2004,Female,687127,< 1 year,23487
All Invasive Cancer Sites Combined,2004,Male,743860,< 1 year,23487
All Invasive Cancer Sites Combined,2005,Female,702609,< 1 year,23487
All Invasive Cancer Sites Combined,2005,Male,756965,< 1 year,23487
All Invasive Cancer Sites Combined,2006,Female,714495,< 1 year,23487
All Invasive Cancer Sites Combined,2006,Male,781149,< 1 year,23487
All Invasive Cancer Sites Combined,2007,Female,730802,< 1 year,23487
All Invasive Cancer Sites Combined,2007,Male,810778,< 1 year,23487
All Invasive Cancer Sites Combined,2008,Female,749603,< 1 year,23487
All Invasive Cancer Sites Combined,2008,Male,813998,< 1 year,23487
All Invasive Cancer Sites Combined,2009,Female,763599,< 1 year,23487
All Invasive Cancer Sites Combined,2009,Male,817002,< 1 year,23487
All Invasive Cancer Sites Combined,2010,Female,763022,< 1 year,23487
All Invasive Cancer Sites Combined,2010,Male,814199,< 1 year,23487
All Invasive Cancer Sites Combined,2011,Female,780218,< 1 year,23487
All Invasive Cancer Sites Combined,2011,Male,833811,< 1 year,23487
All Invasive Cancer Sites Combined,2012,Female,792541,< 1 year,23487
All Invasive Cancer Sites Combined,2012,Male,811616,< 1 year,23487
All Invasive Cancer Sites Combined,2013,Female,810269,< 1 year,23487
All Invasive Cancer Sites Combined,2013,Male,826776,< 1 year,23487
All Invasive Cancer Sites Combined,2014,Female,826828,< 1 year,23487
All Invasive Cancer Sites Combined,2014,Male,837049,< 1 year,23487
All Invasive Cancer Sites Combined,2015,Female,846942,< 1 year,23487
All Invasive Cancer Sites Combined,2015,Male,860777,< 1 year,23487
All Invasive Cancer Sites Combined,2016,Female,857169,< 1 year,23487
All Invasive Cancer Sites Combined,2016,Male,877189,< 1 year,23487
All Invasive Cancer Sites Combined,2017,Female,866365,< 1 year,23487
All Invasive Cancer Sites Combined,2017,Male,899399,< 1 year,23487
All Invasive Cancer Sites Combined,2018,Female,878993,< 1 year,23487
All Invasive Cancer Sites Combined,2018,Male,911982,< 1 year,23487
All Invasive Cancer Sites Combined,2019,Female,899200,< 1 year,23487
All Invasive Cancer Sites Combined,2019,Male,938941,< 1 year,23487
All Invasive Cancer Sites Combined,2020,Female,813880,< 1 year,23487
All Invasive Cancer Sites Combined,2020,Male,847364,< 1 year,23487
All Invasive Cancer Sites Combined,2021,Female,877348,< 1 year,23487
All Invasive Cancer Sites Combined,2021,Male,900218,< 1 year,23487
All Invasive Cancer Sites Combined,1999,Female,631665,1-4 years,80264
All Invasive Cancer Sites Combined,1999,Male,672203,1-4 years,80264
All Invasive Cancer Sites Combined,2000,Female,641827,1-4 years,80264
All Invasive Cancer Sites Combined,2000,Male,689946,1-4 years,80264
All Invasive Cancer Sites Combined,2001,Female,662163,1-4 years,80264
All Invasive Cancer Sites Combined,2001,Male,714899,1-4 years,80264
All Invasive Cancer Sites Combined,2002,Female,667596,1-4 years,80264
All Invasive Cancer Sites Combined,2002,Male,726545,1-4 years,80264
All Invasive Cancer Sites Combined,2003,Female,675915,1-4 years,80264
All Invasive Cancer Sites Combined,2003,Male,731733,1-4 years,80264
All Invasive Cancer Sites Combined,2004,Female,687127,1-4 years,80264
All Invasive Cancer Sites Combined,2004,Male,743860,1-4 years,80264
All Invasive Cancer Sites Combined,2005,Female,702609,1-4 years,80264
All Invasive Cancer Sites Combined,2005,Male,756965,1-4 years,80264
All Invasive Cancer Sites Combined,2006,Female,714495,1-4 years,80264
All Invasive Cancer Sites Combined,2006,Male,781149,1-4 years,80264
All Invasive Cancer Sites Combined,2007,Female,730802,1-4 years,80264
All Invasive Cancer Sites Combined,2007,Male,810778,1-4 years,80264
All Invasive Cancer Sites Combined,2008,Female,749603,1-4 years,80264
All Invasive Cancer Sites Combined,2008,Male,813998,1-4 years,80264
All Invasive Cancer Sites Combined,2009,Female,763599,1-4 years,80264
All Invasive Cancer Sites Combined,2009,Male,817002,1-4 years,80264
All Invasive Cancer Sites Combined,2010,Female,763022,1-4 years,80264
All Invasive Cancer Sites Combined,2010,Male,814199,1-4 years,80264
All Invasive Cancer Sites Combined,2011,Female,780218,1-4 years,80264
All Invasive Cancer Sites Combined,2011,Male,833811,1-4 years,80264
All Invasive Cancer Sites Combined,2012,Female,792541,1-4 years,80264
All Invasive Cancer Sites Combined,2012,Male,811616,1-4 years,80264
All Invasive Cancer Sites Combined,2013,Female,810269,1-4 years,80264
All Invasive Cancer Sites Combined,2013,Male,826776,1-4 years,80264
All Invasive Cancer Sites Combined,2014,Female,826828,1-4 years,80264
All Invasive Cancer Sites Combined,2014,Male,837049,1-4 years,80264
All Invasive Cancer Sites Combined,2015,Female,846942,1-4 years,80264
All Invasive Cancer Sites Combined,2015,Male,860777,1-4 years,80264
All Invasive Cancer Sites Combined,2016,Female,857169,1-4 years,80264
All Invasive Cancer Sites Combined,2016,Male,877189,1-4 years,80264
All Invasive Cancer Sites Combined,2017,Female,866365,1-4 years,80264
All Invasive Cancer Sites Combined,2017,Male,899399,1-4 years,80264
All Invasive Cancer Sites Combined,2018,Female,878993,1-4 years,80264
All Invasive Cancer Sites Combined,2018,Male,911982,1-4 years,80264
All Invasive Cancer Sites Combined,2019,Female,899200,1-4 years,80264
All Invasive Cancer Sites Combined,2019,Male,938941,1-4 years,80264
All Invasive Cancer Sites Combined,2020,Female,813880,1-4 years,80264
All Invasive Cancer Sites Combined,2020,Male,847364,1-4 years,80264
All Invasive Cancer Sites Combined,2021,Female,877348,1-4 years,80264
All Invasive Cancer Sites Combined,2021,Male,900218,1-4 years,80264
All Invasive Cancer Sites Combined,1999,Female,631665,5-9 years,57995
All Invasive Cancer Sites Combined,1999,Male,672203,5-9 years,57995
All Invasive Cancer Sites Combined,2000,Female,641827,5-9 years,57995
All Invasive Cancer Sites Combined,2000,Male,689946,5-9 years,57995
All Invasive Cancer Sites Combined,2001,Female,662163,5-9 years,57995
All Invasive Cancer Sites Combined,2001,Male,714899,5-9 years,57995
All Invasive Cancer Sites Combined,2002,Female,667596,5-9 years,57995
All Invasive Cancer Sites Combined,2002,Male,726545,5-9 years,57995
All Invasive Cancer Sites Combined,2003,Female,675915,5-9 years,57995
All Invasive Cancer Sites Combined,2003,Male,731733,5-9 years,57995
All Invasive Cancer Sites Combined,2004,Female,687127,5-9 years,57995
All Invasive Cancer Sites Combined,2004,Male,743860,5-9 years,57995
All Invasive Cancer Sites Combined,2005,Female,702609,5-9 years,57995
All Invasive Cancer Sites Combined,2005,Male,756965,5-9 years,57995
All Invasive Cancer Sites Combined,2006,Female,714495,5-9 years,57995
All Invasive Cancer Sites Combined,2006,Male,781149,5-9 years,57995
All Invasive Cancer Sites Combined,2007,Female,730802,5-9 years,57995
All Invasive Cancer Sites Combined,2007,Male,810778,5-9 years,57995
All Invasive Cancer Sites Combined,2008,Female,749603,5-9 years,57995
All Invasive Cancer Sites Combined,2008,Male,813998,5-9 years,57995
All Invasive Cancer Sites Combined,2009,Female,763599,5-9 years,57995
All Invasive Cancer Sites Combined,2009,Male,817002,5-9 years,57995
All Invasive Cancer Sites Combined,2010,Female,763022,5-9 years,57995
All Invasive Cancer Sites Combined,2010,Male,814199,5-9 years,57995
All Invasive Cancer Sites Combined,2011,Female,780218,5-9 years,57995
All Invasive Cancer Sites Combined,2011,Male,833811,5-9 years,57995
All Invasive Cancer Sites Combined,2012,Female,792541,5-9 years,57995
All Invasive Cancer Sites Combined,2012,Male,811616,5-9 years,57995
All Invasive Cancer Sites Combined,2013,Female,810269,5-9 years,57995
All Invasive Cancer Sites Combined,2013,Male,826776,5-9 years,57995
All Invasive Cancer Sites Combined,2014,Female,826828,5-9 years,57995
All Invasive Cancer Sites Combined,2014,Male,837049,5-9 years,57995
All Invasive Cancer Sites Combined,2015,Female,846942,5-9 years,57995
All Invasive Cancer Sites Combined,2015,Male,860777,5-9 years,57995
All Invasive Cancer Sites Combined,2016,Female,857169,5-9 years,57995
All Invasive Cancer Sites Combined,2016,Male,877189,5-9 years,57995
All Invasive Cancer Sites Combined,2017,Female,866365,5-9 years,57995
All Invasive Cancer Sites Combined,2017,Male,899399,5-9 years,57995
All Invasive Cancer Sites Combined,2018,Female,878993,5-9 years,57995
All Invasive Cancer Sites Combined,2018,Male,911982,5-9 years,57995
All Invasive Cancer Sites Combined,2019,Female,899200,5-9 years,57995
All Invasive Cancer Sites Combined,2019,Male,938941,5-9 years,57995
All Invasive Cancer Sites Combined,2020,Female,813880,5-9 years,57995
All Invasive Cancer Sites Combined,2020,Male,847364,5-9 years,57995
All Invasive Cancer Sites Combined,2021,Female,877348,5-9 years,57995
All Invasive Cancer Sites Combined,2021,Male,900218,5-9 years,57995
All Invasive Cancer Sites Combined,1999,Female,631665,10-14 years,67419
All Invasive Cancer Sites Combined,1999,Male,672203,10-14 years,67419
All Invasive Cancer Sites Combined,2000,Female,641827,10-14 years,67419
All Invasive Cancer Sites Combined,2000,Male,689946,10-14 years,67419
All Invasive Cancer Sites Combined,2001,Female,662163,10-14 years,67419
All Invasive Cancer Sites Combined,2001,Male,714899,10-14 years,67419
All Invasive Cancer Sites Combined,2002,Female,667596,10-14 years,67419
All Invasive Cancer Sites Combined,2002,Male,726545,10-14 years,67419
All Invasive Cancer Sites Combined,2003,Female,675915,10-14 years,67419
All Invasive Cancer Sites Combined,2003,Male,731733,10-14 years,67419
All Invasive Cancer Sites Combined,2004,Female,687127,10-14 years,67419
All Invasive Cancer Sites Combined,2004,Male,743860,10-14 years,67419
All Invasive Cancer Sites Combined,2005,Female,702609,10-14 years,67419
All Invasive Cancer Sites Combined,2005,Male,756965,10-14 years,67419
All Invasive Cancer Sites Combined,2006,Female,714495,10-14 years,67419
All Invasive Cancer Sites Combined,2006,Male,781149,10-14 years,67419
All Invasive Cancer Sites Combined,2007,Female,730802,10-14 years,67419
All Invasive Cancer Sites Combined,2007,Male,810778,10-14 years,67419
All Invasive Cancer Sites Combined,2008,Female,749603,10-14 years,67419
All Invasive Cancer Sites Combined,2008,Male,813998,10-14 years,67419
All Invasive Cancer Sites Combined,2009,Female,763599,10-14 years,67419
All Invasive Cancer Sites Combined,2009,Male,817002,10-14 years,67419
All Invasive Cancer Sites Combined,2010,Female,763022,10-14 years,67419
All Invasive Cancer Sites Combined,2010,Male,814199,10-14 years,67419
All Invasive Cancer Sites Combined,2011,Female,780218,10-14 years,67419
All Invasive Cancer Sites Combined,2011,Male,833811,10-14 years,67419
All Invasive Cancer Sites Combined,2012,Female,792541,10-14 years,67419
All Invasive Cancer Sites Combined,2012,Male,811616,10-14 years,67419
All Invasive Cancer Sites Combined,2013,Female,810269,10-14 years,67419
All Invasive Cancer Sites Combined,2013,Male,826776,10-14 years,67419
All Invasive Cancer Sites Combined,2014,Female,826828,10-14 years,67419
All Invasive Cancer Sites Combined,2014,Male,837049,10-14 years,67419
All Invasive Cancer Sites Combined,2015,Female,846942,10-14 years,67419
All Invasive Cancer Sites Combined,2015,Male,860777,10-14 years,67419
All Invasive Cancer Sites Combined,2016,Female,857169,10-14 years,67419
All Invasive Cancer Sites Combined,2016,Male,877189,10-14 years,67419
All Invasive Cancer Sites Combined,2017,Female,866365,10-14 years,67419
All Invasive Cancer Sites Combined,2017,Male,899399,10-14 years,67419
All Invasive Cancer Sites Combined,2018,Female,878993,10-14 years,67419
All Invasive Cancer Sites Combined,2018,Male,911982,10-14 years,67419
All Invasive Cancer Sites Combined,2019,Female,899200,10-14 years,67419
All Invasive Cancer Sites Combined,2019,Male,938941,10-14 years,67419
All Invasive Cancer Sites Combined,2020,Female,813880,10-14 years,67419
All Invasive Cancer Sites Combined,2020,Male,847364,10-14 years,67419
All Invasive Cancer Sites Combined,2021,Female,877348,10-14 years,67419
All Invasive Cancer Sites Combined,2021,Male,900218,10-14 years,67419
All Invasive Cancer Sites Combined,1999,Female,631665,15-19 years,109896
All Invasive Cancer Sites Combined,1999,Male,672203,15-19 years,109896
All Invasive Cancer Sites Combined,2000,Female,641827,15-19 years,109896
All Invasive Cancer Sites Combined,2000,Male,689946,15-19 years,109896
All Invasive Cancer Sites Combined,2001,Female,662163,15-19 years,109896
All Invasive Cancer Sites Combined,2001,Male,714899,15-19 years,109896
All Invasive Cancer Sites Combined,2002,Female,667596,15-19 years,109896
All Invasive Cancer Sites Combined,2002,Male,726545,15-19 years,109896
All Invasive Cancer Sites Combined,2003,Female,675915,15-19 years,109896
All Invasive Cancer Sites Combined,2003,Male,731733,15-19 years,109896
All Invasive Cancer Sites Combined,2004,Female,687127,15-19 years,109896
All Invasive Cancer Sites Combined,2004,Male,743860,15-19 years,109896
All Invasive Cancer Sites Combined,2005,Female,702609,15-19 years,109896
All Invasive Cancer Sites Combined,2005,Male,756965,15-19 years,109896
All Invasive Cancer Sites Combined,2006,Female,714495,15-19 years,109896
All Invasive Cancer Sites Combined,2006,Male,781149,15-19 years,109896
All Invasive Cancer Sites Combined,2007,Female,730802,15-19 years,109896
All Invasive Cancer Sites Combined,2007,Male,810778,15-19 years,109896
All Invasive Cancer Sites Combined,2008,Female,749603,15-19 years,109896
All Invasive Cancer Sites Combined,2008,Male,813998,15-19 years,109896
All Invasive Cancer Sites Combined,2009,Female,763599,15-19 years,109896
All Invasive Cancer Sites Combined,2009,Male,817002,15-19 years,109896
All Invasive Cancer Sites Combined,2010,Female,763022,15-19 years,109896
All Invasive Cancer Sites Combined,2010,Male,814199,15-19 years,109896
All Invasive Cancer Sites Combined,2011,Female,780218,15-19 years,109896
All Invasive Cancer Sites Combined,2011,Male,833811,15-19 years,109896
All Invasive Cancer Sites Combined,2012,Female,792541,15-19 years,109896
All Invasive Cancer Sites Combined,2012,Male,811616,15-19 years,109896
All Invasive Cancer Sites Combined,2013,Female,810269,15-19 years,109896
All Invasive Cancer Sites Combined,2013,Male,826776,15-19 years,109896
All Invasive Cancer Sites Combined,2014,Female,826828,15-19 years,109896
All Invasive Cancer Sites Combined,2014,Male,837049,15-19 years,109896
All Invasive Cancer Sites Combined,2015,Female,846942,15-19 years,109896
All Invasive Cancer Sites Combined,2015,Male,860777,15-19 years,109896
All Invasive Cancer Sites Combined,2016,Female,857169,15-19 years,109896
All Invasive Cancer Sites Combined,2016,Male,877189,15-19 years,109896
All Invasive Cancer Sites Combined,2017,Female,866365,15-19 years,109896
All Invasive Cancer Sites Combined,2017,Male,899399,15-19 years,109896
All Invasive Cancer Sites Combined,2018,Female,878993,15-19 years,109896
All Invasive Cancer Sites Combined,2018,Male,911982,15-19 years,109896
All Invasive Cancer Sites Combined,2019,Female,899200,15-19 years,109896
All Invasive Cancer Sites Combined,2019,Male,938941,15-19 years,109896
All Invasive Cancer Sites Combined,2020,Female,813880,15-19 years,109896
All Invasive Cancer Sites Combined,2020,Male,847364,15-19 years,109896
All Invasive Cancer Sites Combined,2021,Female,877348,15-19 years,109896
All Invasive Cancer Sites Combined,2021,Male,900218,15-19 years,109896
All Invasive Cancer Sites Combined,1999,Female,631665,20-24 years,176081
All Invasive Cancer Sites Combined,1999,Male,672203,20-24 years,176081
All Invasive Cancer Sites Combined,2000,Female,641827,20-24 years,176081
All Invasive Cancer Sites Combined,2000,Male,689946,20-24 years,176081
All Invasive Cancer Sites Combined,2001,Female,662163,20-24 years,176081
All Invasive Cancer Sites Combined,2001,Male,714899,20-24 years,176081
All Invasive Cancer Sites Combined,2002,Female,667596,20-24 years,176081
All Invasive Cancer Sites Combined,2002,Male,726545,20-24 years,176081
All Invasive Cancer Sites Combined,2003,Female,675915,20-24 years,176081
All Invasive Cancer Sites Combined,2003,Male,731733,20-24 years,176081
All Invasive Cancer Sites Combined,2004,Female,687127,20-24 years,176081
All Invasive Cancer Sites Combined,2004,Male,743860,20-24 years,176081
All Invasive Cancer Sites Combined,2005,Female,702609,20-24 years,176081
All Invasive Cancer Sites Combined,2005,Male,756965,20-24 years,176081
All Invasive Cancer Sites Combined,2006,Female,714495,20-24 years,176081
All Invasive Cancer Sites Combined,2006,Male,781149,20-24 years,176081
All Invasive Cancer Sites Combined,2007,Female,730802,20-24 years,176081
All Invasive Cancer Sites Combined,2007,Male,810778,20-24 years,176081
All Invasive Cancer Sites Combined,2008,Female,749603,20-24 years,176081
All Invasive Cancer Sites Combined,2008,Male,813998,20-24 years,176081
All Invasive Cancer Sites Combined,2009,Female,763599,20-24 years,176081
All Invasive Cancer Sites Combined,2009,Male,817002,20-24 years,176081
All Invasive Cancer Sites Combined,2010,Female,763022,20-24 years,176081
All Invasive Cancer Sites Combined,2010,Male,814199,20-24 years,176081
All Invasive Cancer Sites Combined,2011,Female,780218,20-24 years,176081
All Invasive Cancer Sites Combined,2011,Male,833811,20-24 years,176081
All Invasive Cancer Sites Combined,2012,Female,792541,20-24 years,176081
All Invasive Cancer Sites Combined,2012,Male,811616,20-24 years,176081
All Invasive Cancer Sites Combined,2013,Female,810269,20-24 years,176081
All Invasive Cancer Sites Combined,2013,Male,826776,20-24 years,176081
All Invasive Cancer Sites Combined,2014,Female,826828,20-24 years,176081
All Invasive Cancer Sites Combined,2014,Male,837049,20-24 years,176081
All Invasive Cancer Sites Combined,2015,Female,846942,20-24 years,176081
All Invasive Cancer Sites Combined,2015,Male,860777,20-24 years,176081
All Invasive Cancer Sites Combined,2016,Female,857169,20-24 years,176081
All Invasive Cancer Sites Combined,2016,Male,877189,20-24 years,176081
All Invasive Cancer Sites Combined,2017,Female,866365,20-24 years,176081
All Invasive Cancer Sites Combined,2017,Male,899399,20-24 years,176081
All Invasive Cancer Sites Combined,2018,Female,878993,20-24 years,176081
All Invasive Cancer Sites Combined,2018,Male,911982,20-24 years,176081
All Invasive Cancer Sites Combined,2019,Female,899200,20-24 years,176081
All Invasive Cancer Sites Combined,2019,Male,938941,20-24 years,176081
All Invasive Cancer Sites Combined,2020,Female,813880,20-24 years,176081
All Invasive Cancer Sites Combined,2020,Male,847364,20-24 years,176081
All Invasive Cancer Sites Combined,2021,Female,877348,20-24 years,176081
All Invasive Cancer Sites Combined,2021,Male,900218,20-24 years,176081
All Invasive Cancer Sites Combined,1999,Female,631665,25-29 years,284923
All Invasive Cancer Sites Combined,1999,Male,672203,25-29 years,284923
All Invasive Cancer Sites Combined,2000,Female,641827,25-29 years,284923
All Invasive Cancer Sites Combined,2000,Male,689946,25-29 years,284923
All Invasive Cancer Sites Combined,2001,Female,662163,25-29 years,284923
All Invasive Cancer Sites Combined,2001,Male,714899,25-29 years,284923
All Invasive Cancer Sites Combined,2002,Female,667596,25-29 years,284923
All Invasive Cancer Sites Combined,2002,Male,726545,25-29 years,284923
All Invasive Cancer Sites Combined,2003,Female,675915,25-29 years,284923
All Invasive Cancer Sites Combined,2003,Male,731733,25-29 years,284923
All Invasive Cancer Sites Combined,2004,Female,687127,25-29 years,284923
All Invasive Cancer Sites Combined,2004,Male,743860,25-29 years,284923
All Invasive Cancer Sites Combined,2005,Female,702609,25-29 years,284923
All Invasive Cancer Sites Combined,2005,Male,756965,25-29 years,284923
All Invasive Cancer Sites Combined,2006,Female,714495,25-29 years,284923
All Invasive Cancer Sites Combined,2006,Male,781149,25-29 years,284923
All Invasive Cancer Sites Combined,2007,Female,730802,25-29 years,284923
All Invasive Cancer Sites Combined,2007,Male,810778,25-29 years,284923
All Invasive Cancer Sites Combined,2008,Female,749603,25-29 years,284923
All Invasive Cancer Sites Combined,2008,Male,813998,25-29 years,284923
All Invasive Cancer Sites Combined,2009,Female,763599,25-29 years,284923
All Invasive Cancer Sites Combined,2009,Male,817002,25-29 years,284923
All Invasive Cancer Sites Combined,2010,Female,763022,25-29 years,284923
All Invasive Cancer Sites Combined,2010,Male,814199,25-29 years,284923
All Invasive Cancer Sites Combined,2011,Female,780218,25-29 years,284923
All Invasive Cancer Sites Combined,2011,Male,833811,25-29 years,284923
All Invasive Cancer Sites Combined,2012,Female,792541,25-29 years,284923
All Invasive Cancer Sites Combined,2012,Male,811616,25-29 years,284923
All Invasive Cancer Sites Combined,2013,Female,810269,25-29 years,284923
All Invasive Cancer Sites Combined,2013,Male,826776,25-29 years,284923
All Invasive Cancer Sites Combined,2014,Female,826828,25-29 years,284923
All Invasive Cancer Sites Combined,2014,Male,837049,25-29 years,284923
All Invasive Cancer Sites Combined,2015,Female,846942,25-29 years,284923
All Invasive Cancer Sites Combined,2015,Male,860777,25-29 years,284923
All Invasive Cancer Sites Combined,2016,Female,857169,25-29 years,284923
All Invasive Cancer Sites Combined,2016,Male,877189,25-29 years,284923
All Invasive Cancer Sites Combined,2017,Female,866365,25-29 years,284923
All Invasive Cancer Sites Combined,2017,Male,899399,25-29 years,284923
All Invasive Cancer Sites Combined,2018,Female,878993,25-29 years,284923
All Invasive Cancer Sites Combined,2018,Male,911982,25-29 years,284923
All Invasive Cancer Sites Combined,2019,Female,899200,25-29 years,284923
All Invasive Cancer Sites Combined,2019,Male,938941,25-29 years,284923
All Invasive Cancer Sites Combined,2020,Female,813880,25-29 years,284923
All Invasive Cancer Sites Combined,2020,Male,847364,25-29 years,284923
All Invasive Cancer Sites Combined,2021,Female,877348,25-29 years,284923
All Invasive Cancer Sites Combined,2021,Male,900218,25-29 years,284923
All Invasive Cancer Sites Combined,1999,Female,631665,30-34 years,445576
All Invasive Cancer Sites Combined,1999,Male,672203,30-34 years,445576
All Invasive Cancer Sites Combined,2000,Female,641827,30-34 years,445576
All Invasive Cancer Sites Combined,2000,Male,689946,30-34 years,445576
All Invasive Cancer Sites Combined,2001,Female,662163,30-34 years,445576
All Invasive Cancer Sites Combined,2001,Male,714899,30-34 years,445576
All Invasive Cancer Sites Combined,2002,Female,667596,30-34 years,445576
All Invasive Cancer Sites Combined,2002,Male,726545,30-34 years,445576
All Invasive Cancer Sites Combined,2003,Female,675915,30-34 years,445576
All Invasive Cancer Sites Combined,2003,Male,731733,30-34 years,445576
All Invasive Cancer Sites Combined,2004,Female,687127,30-34 years,445576
All Invasive Cancer Sites Combined,2004,Male,743860,30-34 years,445576
All Invasive Cancer Sites Combined,2005,Female,702609,30-34 years,445576
All Invasive Cancer Sites Combined,2005,Male,756965,30-34 years,445576
All Invasive Cancer Sites Combined,2006,Female,714495,30-34 years,445576
All Invasive Cancer Sites Combined,2006,Male,781149,30-34 years,445576
All Invasive Cancer Sites Combined,2007,Female,730802,30-34 years,445576
All Invasive Cancer Sites Combined,2007,Male,810778,30-34 years,445576
All Invasive Cancer Sites Combined,2008,Female,749603,30-34 years,445576
All Invasive Cancer Sites Combined,2008,Male,813998,30-34 years,445576
All Invasive Cancer Sites Combined,2009,Female,763599,30-34 years,445576
All Invasive Cancer Sites Combined,2009,Male,817002,30-34 years,445576
All Invasive Cancer Sites Combined,2010,Female,763022,30-34 years,445576
All Invasive Cancer Sites Combined,2010,Male,814199,30-34 years,445576
All Invasive Cancer Sites Combined,2011,Female,780218,30-34 years,445576
All Invasive Cancer Sites Combined,2011,Male,833811,30-34 years,445576
All Invasive Cancer Sites Combined,2012,Female,792541,30-34 years,445576
All Invasive Cancer Sites Combined,2012,Male,811616,30-34 years,445576
All Invasive Cancer Sites Combined,2013,Female,810269,30-34 years,445576
All Invasive Cancer Sites Combined,2013,Male,826776,30-34 years,445576
All Invasive Cancer Sites Combined,2014,Female,826828,30-34 years,445576
All Invasive Cancer Sites Combined,2014,Male,837049,30-34 years,445576
All Invasive Cancer Sites Combined,2015,Female,846942,30-34 years,445576
All Invasive Cancer Sites Combined,2015,Male,860777,30-34 years,445576
All Invasive Cancer Sites Combined,2016,Female,857169,30-34 years,445576
All Invasive Cancer Sites Combined,2016,Male,877189,30-34 years,445576
All Invasive Cancer Sites Combined,2017,Female,866365,30-34 years,445576
All Invasive Cancer Sites Combined,2017,Male,899399,30-34 years,445576
All Invasive Cancer Sites Combined,2018,Female,878993,30-34 years,445576
All Invasive Cancer Sites Combined,2018,Male,911982,30-34 years,445576
All Invasive Cancer Sites Combined,2019,Female,899200,30-34 years,445576
All Invasive Cancer Sites Combined,2019,Male,938941,30-34 years,445576
All Invasive Cancer Sites Combined,2020,Female,813880,30-34 years,445576
All Invasive Cancer Sites Combined,2020,Male,847364,30-34 years,445576
All Invasive Cancer Sites Combined,2021,Female,877348,30-34 years,445576
All Invasive Cancer Sites Combined,2021,Male,900218,30-34 years,445576
All Invasive Cancer Sites Combined,1999,Female,631665,35-39 years,678876
All Invasive Cancer Sites Combined,1999,Male,672203,35-39 years,678876
All Invasive Cancer Sites Combined,2000,Female,641827,35-39 years,678876
All Invasive Cancer Sites Combined,2000,Male,689946,35-39 years,678876
All Invasive Cancer Sites Combined,2001,Female,662163,35-39 years,678876
All Invasive Cancer Sites Combined,2001,Male,714899,35-39 years,678876
All Invasive Cancer Sites Combined,2002,Female,667596,35-39 years,678876
All Invasive Cancer Sites Combined,2002,Male,726545,35-39 years,678876
All Invasive Cancer Sites Combined,2003,Female,675915,35-39 years,678876
All Invasive Cancer Sites Combined,2003,Male,731733,35-39 years,678876
All Invasive Cancer Sites Combined,2004,Female,687127,35-39 years,678876
All Invasive Cancer Sites Combined,2004,Male,743860,35-39 years,678876
All Invasive Cancer Sites Combined,2005,Female,702609,35-39 years,678876
All Invasive Cancer Sites Combined,2005,Male,756965,35-39 years,678876
All Invasive Cancer Sites Combined,2006,Female,714495,35-39 years,678876
All Invasive Cancer Sites Combined,2006,Male,781149,35-39 years,678876
All Invasive Cancer Sites Combined,2007,Female,730802,35-39 years,678876
All Invasive Cancer Sites Combined,2007,Male,810778,35-39 years,678876
All Invasive Cancer Sites Combined,2008,Female,749603,35-39 years,678876
All Invasive Cancer Sites Combined,2008,Male,813998,35-39 years,678876
All Invasive Cancer Sites Combined,2009,Female,763599,35-39 years,678876
All Invasive Cancer Sites Combined,2009,Male,817002,35-39 years,678876
All Invasive Cancer Sites Combined,2010,Female,763022,35-39 years,678876
All Invasive Cancer Sites Combined,2010,Male,814199,35-39 years,678876
All Invasive Cancer Sites Combined,2011,Female,780218,35-39 years,678876
All Invasive Cancer Sites Combined,2011,Male,833811,35-39 years,678876
All Invasive Cancer Sites Combined,2012,Female,792541,35-39 years,678876
All Invasive Cancer Sites Combined,2012,Male,811616,35-39 years,678876
All Invasive Cancer Sites Combined,2013,Female,810269,35-39 years,678876
All Invasive Cancer Sites Combined,2013,Male,826776,35-39 years,678876
All Invasive Cancer Sites Combined,2014,Female,826828,35-39 years,678876
All Invasive Cancer Sites Combined,2014,Male,837049,35-39 years,678876
All Invasive Cancer Sites Combined,2015,Female,846942,35-39 years,678876
All Invasive Cancer Sites Combined,2015,Male,860777,35-39 years,678876
All Invasive Cancer Sites Combined,2016,Female,857169,35-39 years,678876
All Invasive Cancer Sites Combined,2016,Male,877189,35-39 years,678876
All Invasive Cancer Sites Combined,2017,Female,866365,35-39 years,678876
All Invasive Cancer Sites Combined,2017,Male,899399,35-39 years,678876
All Invasive Cancer Sites Combined,2018,Female,878993,35-39 years,678876
All Invasive Cancer Sites Combined,2018,Male,911982,35-39 years,678876
All Invasive Cancer Sites Combined,2019,Female,899200,35-39 years,678876
All Invasive Cancer Sites Combined,2019,Male,938941,35-39 years,678876
All Invasive Cancer Sites Combined,2020,Female,813880,35-39 years,678876
All Invasive Cancer Sites Combined,2020,Male,847364,35-39 years,678876
All Invasive Cancer Sites Combined,2021,Female,877348,35-39 years,678876
All Invasive Cancer Sites Combined,2021,Male,900218,35-39 years,678876
All Invasive Cancer Sites Combined,1999,Female,631665,40-44 years,1108369
All Invasive Cancer Sites Combined,1999,Male,672203,40-44 years,1108369
All Invasive Cancer Sites Combined,2000,Female,641827,40-44 years,1108369
All Invasive Cancer Sites Combined,2000,Male,689946,40-44 years,1108369
All Invasive Cancer Sites Combined,2001,Female,662163,40-44 years,1108369
All Invasive Cancer Sites Combined,2001,Male,714899,40-44 years,1108369
All Invasive Cancer Sites Combined,2002,Female,667596,40-44 years,1108369
All Invasive Cancer Sites Combined,2002,Male,726545,40-44 years,1108369
All Invasive Cancer Sites Combined,2003,Female,675915,40-44 years,1108369
All Invasive Cancer Sites Combined,2003,Male,731733,40-44 years,1108369
All Invasive Cancer Sites Combined,2004,Female,687127,40-44 years,1108369
All Invasive Cancer Sites Combined,2004,Male,743860,40-44 years,1108369
All Invasive Cancer Sites Combined,2005,Female,702609,40-44 years,1108369
All Invasive Cancer Sites Combined,2005,Male,756965,40-44 years,1108369
All Invasive Cancer Sites Combined,2006,Female,714495,40-44 years,1108369
All Invasive Cancer Sites Combined,2006,Male,781149,40-44 years,1108369
All Invasive Cancer Sites Combined,2007,Female,730802,40-44 years,1108369
All Invasive Cancer Sites Combined,2007,Male,810778,40-44 years,1108369
All Invasive Cancer Sites Combined,2008,Female,749603,40-44 years,1108369
All Invasive Cancer Sites Combined,2008,Male,813998,40-44 years,1108369
All Invasive Cancer Sites Combined,2009,Female,763599,40-44 years,1108369
All Invasive Cancer Sites Combined,2009,Male,817002,40-44 years,1108369
All Invasive Cancer Sites Combined,2010,Female,763022,40-44 years,1108369
All Invasive Cancer Sites Combined,2010,Male,814199,40-44 years,1108369
All Invasive Cancer Sites Combined,2011,Female,780218,40-44 years,1108369
All Invasive Cancer Sites Combined,2011,Male,833811,40-44 years,1108369
All Invasive Cancer Sites Combined,2012,Female,792541,40-44 years,1108369
All Invasive Cancer Sites Combined,2012,Male,811616,40-44 years,1108369
All Invasive Cancer Sites Combined,2013,Female,810269,40-44 years,1108369
All Invasive Cancer Sites Combined,2013,Male,826776,40-44 years,1108369
All Invasive Cancer Sites Combined,2014,Female,826828,40-44 years,1108369
All Invasive Cancer Sites Combined,2014,Male,837049,40-44 years,1108369
All Invasive Cancer Sites Combined,2015,Female,846942,40-44 years,1108369
All Invasive Cancer Sites Combined,2015,Male,860777,40-44 years,1108369
All Invasive Cancer Sites Combined,2016,Female,857169,40-44 years,1108369
All Invasive Cancer Sites Combined,2016,Male,877189,40-44 years,1108369
All Invasive Cancer Sites Combined,2017,Female,866365,40-44 years,1108369
All Invasive Cancer Sites Combined,2017,Male,899399,40-44 years,1108369
All Invasive Cancer Sites Combined,2018,Female,878993,40-44 years,1108369
All Invasive Cancer Sites Combined,2018,Male,911982,40-44 years,1108369
All Invasive Cancer Sites Combined,2019,Female,899200,40-44 years,1108369
All Invasive Cancer Sites Combined,2019,Male,938941,40-44 years,1108369
All Invasive Cancer Sites Combined,2020,Female,813880,40-44 years,1108369
All Invasive Cancer Sites Combined,2020,Male,847364,40-44 years,1108369
All Invasive Cancer Sites Combined,2021,Female,877348,40-44 years,1108369
All Invasive Cancer Sites Combined,2021,Male,900218,40-44 years,1108369
All Invasive Cancer Sites Combined,1999,Female,631665,45-49 years,1779300
All Invasive Cancer Sites Combined,1999,Male,672203,45-49 years,1779300
All Invasive Cancer Sites Combined,2000,Female,641827,45-49 years,1779300
All Invasive Cancer Sites Combined,2000,Male,689946,45-49 years,1779300
All Invasive Cancer Sites Combined,2001,Female,662163,45-49 years,1779300
All Invasive Cancer Sites Combined,2001,Male,714899,45-49 years,1779300
All Invasive Cancer Sites Combined,2002,Female,667596,45-49 years,1779300
All Invasive Cancer Sites Combined,2002,Male,726545,45-49 years,1779300
All Invasive Cancer Sites Combined,2003,Female,675915,45-49 years,1779300
All Invasive Cancer Sites Combined,2003,Male,731733,45-49 years,1779300
All Invasive Cancer Sites Combined,2004,Female,687127,45-49 years,1779300
All Invasive Cancer Sites Combined,2004,Male,743860,45-49 years,1779300
All Invasive Cancer Sites Combined,2005,Female,702609,45-49 years,1779300
All Invasive Cancer Sites Combined,2005,Male,756965,45-49 years,1779300
All Invasive Cancer Sites Combined,2006,Female,714495,45-49 years,1779300
All Invasive Cancer Sites Combined,2006,Male,781149,45-49 years,1779300
All Invasive Cancer Sites Combined,2007,Female,730802,45-49 years,1779300
All Invasive Cancer Sites Combined,2007,Male,810778,45-49 years,1779300
All Invasive Cancer Sites Combined,2008,Female,749603,45-49 years,1779300
All Invasive Cancer Sites Combined,2008,Male,813998,45-49 years,1779300
All Invasive Cancer Sites Combined,2009,Female,763599,45-49 years,1779300
All Invasive Cancer Sites Combined,2009,Male,817002,45-49 years,1779300
All Invasive Cancer Sites Combined,2010,Female,763022,45-49 years,1779300
All Invasive Cancer Sites Combined,2010,Male,814199,45-49 years,1779300
All Invasive Cancer Sites Combined,2011,Female,780218,45-49 years,1779300
All Invasive Cancer Sites Combined,2011,Male,833811,45-49 years,1779300
All Invasive Cancer Sites Combined,2012,Female,792541,45-49 years,1779300
All Invasive Cancer Sites Combined,2012,Male,811616,45-49 years,1779300
All Invasive Cancer Sites Combined,2013,Female,810269,45-49 years,1779300
All Invasive Cancer Sites Combined,2013,Male,826776,45-49 years,1779300
All Invasive Cancer Sites Combined,2014,Female,826828,45-49 years,1779300
All Invasive Cancer Sites Combined,2014,Male,837049,45-49 years,1779300
All Invasive Cancer Sites Combined,2015,Female,846942,45-49 years,1779300
All Invasive Cancer Sites Combined,2015,Male,860777,45-49 years,1779300
All Invasive Cancer Sites Combined,2016,Female,857169,45-49 years,1779300
All Invasive Cancer Sites Combined,2016,Male,877189,45-49 years,1779300
All Invasive Cancer Sites Combined,2017,Female,866365,45-49 years,1779300
All Invasive Cancer Sites Combined,2017,Male,899399,45-49 years,1779300
All Invasive Cancer Sites Combined,2018,Female,878993,45-49 years,1779300
All Invasive Cancer Sites Combined,2018,Male,911982,45-49 years,1779300
All Invasive Cancer Sites Combined,2019,Female,899200,45-49 years,1779300
All Invasive Cancer Sites Combined,2019,Male,938941,45-49 years,1779300
All Invasive Cancer Sites Combined,2020,Female,813880,45-49 years,1779300
All Invasive Cancer Sites Combined,2020,Male,847364,45-49 years,1779300
All Invasive Cancer Sites Combined,2021,Female,877348,45-49 years,1779300
All Invasive Cancer Sites Combined,2021,Male,900218,45-49 years,1779300
All Invasive Cancer Sites Combined,1999,Female,631665,50-54 years,2753344
All Invasive Cancer Sites Combined,1999,Male,672203,50-54 years,2753344
All Invasive Cancer Sites Combined,2000,Female,641827,50-54 years,2753344
All Invasive Cancer Sites Combined,2000,Male,689946,50-54 years,2753344
All Invasive Cancer Sites Combined,2001,Female,662163,50-54 years,2753344
All Invasive Cancer Sites Combined,2001,Male,714899,50-54 years,2753344
All Invasive Cancer Sites Combined,2002,Female,667596,50-54 years,2753344
All Invasive Cancer Sites Combined,2002,Male,726545,50-54 years,2753344
All Invasive Cancer Sites Combined,2003,Female,675915,50-54 years,2753344
All Invasive Cancer Sites Combined,2003,Male,731733,50-54 years,2753344
All Invasive Cancer Sites Combined,2004,Female,687127,50-54 years,2753344
All Invasive Cancer Sites Combined,2004,Male,743860,50-54 years,2753344
All Invasive Cancer Sites Combined,2005,Female,702609,50-54 years,2753344
All Invasive Cancer Sites Combined,2005,Male,756965,50-54 years,2753344
All Invasive Cancer Sites Combined,2006,Female,714495,50-54 years,2753344
All Invasive Cancer Sites Combined,2006,Male,781149,50-54 years,2753344
All Invasive Cancer Sites Combined,2007,Female,730802,50-54 years,2753344
All Invasive Cancer Sites Combined,2007,Male,810778,50-54 years,2753344
All Invasive Cancer Sites Combined,2008,Female,749603,50-54 years,2753344
All Invasive Cancer Sites Combined,2008,Male,813998,50-54 years,2753344
All Invasive Cancer Sites Combined,2009,Female,763599,50-54 years,2753344
All Invasive Cancer Sites Combined,2009,Male,817002,50-54 years,2753344
All Invasive Cancer Sites Combined,2010,Female,763022,50-54 years,2753344
All Invasive Cancer Sites Combined,2010,Male,814199,50-54 years,2753344
All Invasive Cancer Sites Combined,2011,Female,780218,50-54 years,2753344
All Invasive Cancer Sites Combined,2011,Male,833811,50-54 years,2753344
All Invasive Cancer Sites Combined,2012,Female,792541,50-54 years,2753344
All Invasive Cancer Sites Combined,2012,Male,811616,50-54 years,2753344
All Invasive Cancer Sites Combined,2013,Female,810269,50-54 years,2753344
All Invasive Cancer Sites Combined,2013,Male,826776,50-54 years,2753344
All Invasive Cancer Sites Combined,2014,Female,826828,50-54 years,2753344
All Invasive Cancer Sites Combined,2014,Male,837049,50-54 years,2753344
All Invasive Cancer Sites Combined,2015,Female,846942,50-54 years,2753344
All Invasive Cancer Sites Combined,2015,Male,860777,50-54 years,2753344
All Invasive Cancer Sites Combined,2016,Female,857169,50-54 years,2753344
All Invasive Cancer Sites Combined,2016,Male,877189,50-54 years,2753344
All Invasive Cancer Sites Combined,2017,Female,866365,50-54 years,2753344
All Invasive Cancer Sites Combined,2017,Male,899399,50-54 years,2753344
All Invasive Cancer Sites Combined,2018,Female,878993,50-54 years,2753344
All Invasive Cancer Sites Combined,2018,Male,911982,50-54 years,2753344
All Invasive Cancer Sites Combined,2019,Female,899200,50-54 years,2753344
All Invasive Cancer Sites Combined,2019,Male,938941,50-54 years,2753344
All Invasive Cancer Sites Combined,2020,Female,813880,50-54 years,2753344
All Invasive Cancer Sites Combined,2020,Male,847364,50-54 years,2753344
All Invasive Cancer Sites Combined,2021,Female,877348,50-54 years,2753344
All Invasive Cancer Sites Combined,2021,Male,900218,50-54 years,2753344
All Invasive Cancer Sites Combined,1999,Female,631665,55-59 years,3777736
All Invasive Cancer Sites Combined,1999,Male,672203,55-59 years,3777736
All Invasive Cancer Sites Combined,2000,Female,641827,55-59 years,3777736
All Invasive Cancer Sites Combined,2000,Male,689946,55-59 years,3777736
All Invasive Cancer Sites Combined,2001,Female,662163,55-59 years,3777736
All Invasive Cancer Sites Combined,2001,Male,714899,55-59 years,3777736
All Invasive Cancer Sites Combined,2002,Female,667596,55-59 years,3777736
All Invasive Cancer Sites Combined,2002,Male,726545,55-59 years,3777736
All Invasive Cancer Sites Combined,2003,Female,675915,55-59 years,3777736
All Invasive Cancer Sites Combined,2003,Male,731733,55-59 years,3777736
All Invasive Cancer Sites Combined,2004,Female,687127,55-59 years,3777736
All Invasive Cancer Sites Combined,2004,Male,743860,55-59 years,3777736
All Invasive Cancer Sites Combined,2005,Female,702609,55-59 years,3777736
All Invasive Cancer Sites Combined,2005,Male,756965,55-59 years,3777736
All Invasive Cancer Sites Combined,2006,Female,714495,55-59 years,3777736
All Invasive Cancer Sites Combined,2006,Male,781149,55-59 years,3777736
All Invasive Cancer Sites Combined,2007,Female,730802,55-59 years,3777736
All Invasive Cancer Sites Combined,2007,Male,810778,55-59 years,3777736
All Invasive Cancer Sites Combined,2008,Female,749603,55-59 years,3777736
All Invasive Cancer Sites Combined,2008,Male,813998,55-59 years,3777736
All Invasive Cancer Sites Combined,2009,Female,763599,55-59 years,3777736
All Invasive Cancer Sites Combined,2009,Male,817002,55-59 years,3777736
All Invasive Cancer Sites Combined,2010,Female,763022,55-59 years,3777736
All Invasive Cancer Sites Combined,2010,Male,814199,55-59 years,3777736
All Invasive Cancer Sites Combined,2011,Female,780218,55-59 years,3777736
All Invasive Cancer Sites Combined,2011,Male,833811,55-59 years,3777736
All Invasive Cancer Sites Combined,2012,Female,792541,55-59 years,3777736
All Invasive Cancer Sites Combined,2012,Male,811616,55-59 years,3777736
All Invasive Cancer Sites Combined,2013,Female,810269,55-59 years,3777736
All Invasive Cancer Sites Combined,2013,Male,826776,55-59 years,3777736
All Invasive Cancer Sites Combined,2014,Female,826828,55-59 years,3777736
All Invasive Cancer Sites Combined,2014,Male,837049,55-59 years,3777736
All Invasive Cancer Sites Combined,2015,Female,846942,55-59 years,3777736
All Invasive Cancer Sites Combined,2015,Male,860777,55-59 years,3777736
All Invasive Cancer Sites Combined,2016,Female,857169,55-59 years,3777736
All Invasive Cancer Sites Combined,2016,Male,877189,55-59 years,3777736
All Invasive Cancer Sites Combined,2017,Female,866365,55-59 years,3777736
All Invasive Cancer Sites Combined,2017,Male,899399,55-59 years,3777736
All Invasive Cancer Sites Combined,2018,Female,878993,55-59 years,3777736
All Invasive Cancer Sites Combined,2018,Male,911982,55-59 years,3777736
All Invasive Cancer Sites Combined,2019,Female,899200,55-59 years,3777736
All Invasive Cancer Sites Combined,2019,Male,938941,55-59 years,3777736
All Invasive Cancer Sites Combined,2020,Female,813880,55-59 years,3777736
All Invasive Cancer Sites Combined,2020,Male,847364,55-59 years,3777736
All Invasive Cancer Sites Combined,2021,Female,877348,55-59 years,3777736
All Invasive Cancer Sites Combined,2021,Male,900218,55-59 years,3777736
All Invasive Cancer Sites Combined,1999,Female,631665,60-64 years ,4614563
All Invasive Cancer Sites Combined,1999,Male,672203,60-64 years ,4614563
All Invasive Cancer Sites Combined,2000,Female,641827,60-64 years ,4614563
All Invasive Cancer Sites Combined,2000,Male,689946,60-64 years ,4614563
All Invasive Cancer Sites Combined,2001,Female,662163,60-64 years ,4614563
All Invasive Cancer Sites Combined,2001,Male,714899,60-64 years ,4614563
All Invasive Cancer Sites Combined,2002,Female,667596,60-64 years ,4614563
All Invasive Cancer Sites Combined,2002,Male,726545,60-64 years ,4614563
All Invasive Cancer Sites Combined,2003,Female,675915,60-64 years ,4614563
All Invasive Cancer Sites Combined,2003,Male,731733,60-64 years ,4614563
All Invasive Cancer Sites Combined,2004,Female,687127,60-64 years ,4614563
All Invasive Cancer Sites Combined,2004,Male,743860,60-64 years ,4614563
All Invasive Cancer Sites Combined,2005,Female,702609,60-64 years ,4614563
All Invasive Cancer Sites Combined,2005,Male,756965,60-64 years ,4614563
All Invasive Cancer Sites Combined,2006,Female,714495,60-64 years ,4614563
All Invasive Cancer Sites Combined,2006,Male,781149,60-64 years ,4614563
All Invasive Cancer Sites Combined,2007,Female,730802,60-64 years ,4614563
All Invasive Cancer Sites Combined,2007,Male,810778,60-64 years ,4614563
All Invasive Cancer Sites Combined,2008,Female,749603,60-64 years ,4614563
All Invasive Cancer Sites Combined,2008,Male,813998,60-64 years ,4614563
All Invasive Cancer Sites Combined,2009,Female,763599,60-64 years ,4614563
All Invasive Cancer Sites Combined,2009,Male,817002,60-64 years ,4614563
All Invasive Cancer Sites Combined,2010,Female,763022,60-64 years ,4614563
All Invasive Cancer Sites Combined,2010,Male,814199,60-64 years ,4614563
All Invasive Cancer Sites Combined,2011,Female,780218,60-64 years ,4614563
All Invasive Cancer Sites Combined,2011,Male,833811,60-64 years ,4614563
All Invasive Cancer Sites Combined,2012,Female,792541,60-64 years ,4614563
All Invasive Cancer Sites Combined,2012,Male,811616,60-64 years ,4614563
All Invasive Cancer Sites Combined,2013,Female,810269,60-64 years ,4614563
All Invasive Cancer Sites Combined,2013,Male,826776,60-64 years ,4614563
All Invasive Cancer Sites Combined,2014,Female,826828,60-64 years ,4614563
All Invasive Cancer Sites Combined,2014,Male,837049,60-64 years ,4614563
All Invasive Cancer Sites Combined,2015,Female,846942,60-64 years ,4614563
All Invasive Cancer Sites Combined,2015,Male,860777,60-64 years ,4614563
All Invasive Cancer Sites Combined,2016,Female,857169,60-64 years ,4614563
All Invasive Cancer Sites Combined,2016,Male,877189,60-64 years ,4614563
All Invasive Cancer Sites Combined,2017,Female,866365,60-64 years ,4614563
All Invasive Cancer Sites Combined,2017,Male,899399,60-64 years ,4614563
All Invasive Cancer Sites Combined,2018,Female,878993,60-64 years ,4614563
All Invasive Cancer Sites Combined,2018,Male,911982,60-64 years ,4614563
All Invasive Cancer Sites Combined,2019,Female,899200,60-64 years ,4614563
All Invasive Cancer Sites Combined,2019,Male,938941,60-64 years ,4614563
All Invasive Cancer Sites Combined,2020,Female,813880,60-64 years ,4614563
All Invasive Cancer Sites Combined,2020,Male,847364,60-64 years ,4614563
All Invasive Cancer Sites Combined,2021,Female,877348,60-64 years ,4614563
All Invasive Cancer Sites Combined,2021,Male,900218,60-64 years ,4614563
All Invasive Cancer Sites Combined,1999,Female,631665,65-69 years,5195296
All Invasive Cancer Sites Combined,1999,Male,672203,65-69 years,5195296
All Invasive Cancer Sites Combined,2000,Female,641827,65-69 years,5195296
All Invasive Cancer Sites Combined,2000,Male,689946,65-69 years,5195296
All Invasive Cancer Sites Combined,2001,Female,662163,65-69 years,5195296
All Invasive Cancer Sites Combined,2001,Male,714899,65-69 years,5195296
All Invasive Cancer Sites Combined,2002,Female,667596,65-69 years,5195296
All Invasive Cancer Sites Combined,2002,Male,726545,65-69 years,5195296
All Invasive Cancer Sites Combined,2003,Female,675915,65-69 years,5195296
All Invasive Cancer Sites Combined,2003,Male,731733,65-69 years,5195296
All Invasive Cancer Sites Combined,2004,Female,687127,65-69 years,5195296
All Invasive Cancer Sites Combined,2004,Male,743860,65-69 years,5195296
All Invasive Cancer Sites Combined,2005,Female,702609,65-69 years,5195296
All Invasive Cancer Sites Combined,2005,Male,756965,65-69 years,5195296
All Invasive Cancer Sites Combined,2006,Female,714495,65-69 years,5195296
All Invasive Cancer Sites Combined,2006,Male,781149,65-69 years,5195296
All Invasive Cancer Sites Combined,2007,Female,730802,65-69 years,5195296
All Invasive Cancer Sites Combined,2007,Male,810778,65-69 years,5195296
All Invasive Cancer Sites Combined,2008,Female,749603,65-69 years,5195296
All Invasive Cancer Sites Combined,2008,Male,813998,65-69 years,5195296
All Invasive Cancer Sites Combined,2009,Female,763599,65-69 years,5195296
All Invasive Cancer Sites Combined,2009,Male,817002,65-69 years,5195296
All Invasive Cancer Sites Combined,2010,Female,763022,65-69 years,5195296
All Invasive Cancer Sites Combined,2010,Male,814199,65-69 years,5195296
All Invasive Cancer Sites Combined,2011,Female,780218,65-69 years,5195296
All Invasive Cancer Sites Combined,2011,Male,833811,65-69 years,5195296
All Invasive Cancer Sites Combined,2012,Female,792541,65-69 years,5195296
All Invasive Cancer Sites Combined,2012,Male,811616,65-69 years,5195296
All Invasive Cancer Sites Combined,2013,Female,810269,65-69 years,5195296
All Invasive Cancer Sites Combined,2013,Male,826776,65-69 years,5195296
All Invasive Cancer Sites Combined,2014,Female,826828,65-69 years,5195296
All Invasive Cancer Sites Combined,2014,Male,837049,65-69 years,5195296
All Invasive Cancer Sites Combined,2015,Female,846942,65-69 years,5195296
All Invasive Cancer Sites Combined,2015,Male,860777,65-69 years,5195296
All Invasive Cancer Sites Combined,2016,Female,857169,65-69 years,5195296
All Invasive Cancer Sites Combined,2016,Male,877189,65-69 years,5195296
All Invasive Cancer Sites Combined,2017,Female,866365,65-69 years,5195296
All Invasive Cancer Sites Combined,2017,Male,899399,65-69 years,5195296
All Invasive Cancer Sites Combined,2018,Female,878993,65-69 years,5195296
All Invasive Cancer Sites Combined,2018,Male,911982,65-69 years,5195296
All Invasive Cancer Sites Combined,2019,Female,899200,65-69 years,5195296
All Invasive Cancer Sites Combined,2019,Male,938941,65-69 years,5195296
All Invasive Cancer Sites Combined,2020,Female,813880,65-69 years,5195296
All Invasive Cancer Sites Combined,2020,Male,847364,65-69 years,5195296
All Invasive Cancer Sites Combined,2021,Female,877348,65-69 years,5195296
All Invasive Cancer Sites Combined,2021,Male,900218,65-69 years,5195296
All Invasive Cancer Sites Combined,1999,Female,631665,70-74 years,4939250
All Invasive Cancer Sites Combined,1999,Male,672203,70-74 years,4939250
All Invasive Cancer Sites Combined,2000,Female,641827,70-74 years,4939250
All Invasive Cancer Sites Combined,2000,Male,689946,70-74 years,4939250
All Invasive Cancer Sites Combined,2001,Female,662163,70-74 years,4939250
All Invasive Cancer Sites Combined,2001,Male,714899,70-74 years,4939250
All Invasive Cancer Sites Combined,2002,Female,667596,70-74 years,4939250
All Invasive Cancer Sites Combined,2002,Male,726545,70-74 years,4939250
All Invasive Cancer Sites Combined,2003,Female,675915,70-74 years,4939250
All Invasive Cancer Sites Combined,2003,Male,731733,70-74 years,4939250
All Invasive Cancer Sites Combined,2004,Female,687127,70-74 years,4939250
All Invasive Cancer Sites Combined,2004,Male,743860,70-74 years,4939250
All Invasive Cancer Sites Combined,2005,Female,702609,70-74 years,4939250
All Invasive Cancer Sites Combined,2005,Male,756965,70-74 years,4939250
All Invasive Cancer Sites Combined,2006,Female,714495,70-74 years,4939250
All Invasive Cancer Sites Combined,2006,Male,781149,70-74 years,4939250
All Invasive Cancer Sites Combined,2007,Female,730802,70-74 years,4939250
All Invasive Cancer Sites Combined,2007,Male,810778,70-74 years,4939250
All Invasive Cancer Sites Combined,2008,Female,749603,70-74 years,4939250
All Invasive Cancer Sites Combined,2008,Male,813998,70-74 years,4939250
All Invasive Cancer Sites Combined,2009,Female,763599,70-74 years,4939250
All Invasive Cancer Sites Combined,2009,Male,817002,70-74 years,4939250
All Invasive Cancer Sites Combined,2010,Female,763022,70-74 years,4939250
All Invasive Cancer Sites Combined,2010,Male,814199,70-74 years,4939250
All Invasive Cancer Sites Combined,2011,Female,780218,70-74 years,4939250
All Invasive Cancer Sites Combined,2011,Male,833811,70-74 years,4939250
All Invasive Cancer Sites Combined,2012,Female,792541,70-74 years,4939250
All Invasive Cancer Sites Combined,2012,Male,811616,70-74 years,4939250
All Invasive Cancer Sites Combined,2013,Female,810269,70-74 years,4939250
All Invasive Cancer Sites Combined,2013,Male,826776,70-74 years,4939250
All Invasive Cancer Sites Combined,2014,Female,826828,70-74 years,4939250
All Invasive Cancer Sites Combined,2014,Male,837049,70-74 years,4939250
All Invasive Cancer Sites Combined,2015,Female,846942,70-74 years,4939250
All Invasive Cancer Sites Combined,2015,Male,860777,70-74 years,4939250
All Invasive Cancer Sites Combined,2016,Female,857169,70-74 years,4939250
All Invasive Cancer Sites Combined,2016,Male,877189,70-74 years,4939250
All Invasive Cancer Sites Combined,2017,Female,866365,70-74 years,4939250
All Invasive Cancer Sites Combined,2017,Male,899399,70-74 years,4939250
All Invasive Cancer Sites Combined,2018,Female,878993,70-74 years,4939250
All Invasive Cancer Sites Combined,2018,Male,911982,70-74 years,4939250
All Invasive Cancer Sites Combined,2019,Female,899200,70-74 years,4939250
All Invasive Cancer Sites Combined,2019,Male,938941,70-74 years,4939250
All Invasive Cancer Sites Combined,2020,Female,813880,70-74 years,4939250
All Invasive Cancer Sites Combined,2020,Male,847364,70-74 years,4939250
All Invasive Cancer Sites Combined,2021,Female,877348,70-74 years,4939250
All Invasive Cancer Sites Combined,2021,Male,900218,70-74 years,4939250
All Invasive Cancer Sites Combined,1999,Female,631665,75-79 years,4250562
All Invasive Cancer Sites Combined,1999,Male,672203,75-79 years,4250562
All Invasive Cancer Sites Combined,2000,Female,641827,75-79 years,4250562
All Invasive Cancer Sites Combined,2000,Male,689946,75-79 years,4250562
All Invasive Cancer Sites Combined,2001,Female,662163,75-79 years,4250562
All Invasive Cancer Sites Combined,2001,Male,714899,75-79 years,4250562
All Invasive Cancer Sites Combined,2002,Female,667596,75-79 years,4250562
All Invasive Cancer Sites Combined,2002,Male,726545,75-79 years,4250562
All Invasive Cancer Sites Combined,2003,Female,675915,75-79 years,4250562
All Invasive Cancer Sites Combined,2003,Male,731733,75-79 years,4250562
All Invasive Cancer Sites Combined,2004,Female,687127,75-79 years,4250562
All Invasive Cancer Sites Combined,2004,Male,743860,75-79 years,4250562
All Invasive Cancer Sites Combined,2005,Female,702609,75-79 years,4250562
All Invasive Cancer Sites Combined,2005,Male,756965,75-79 years,4250562
All Invasive Cancer Sites Combined,2006,Female,714495,75-79 years,4250562
All Invasive Cancer Sites Combined,2006,Male,781149,75-79 years,4250562
All Invasive Cancer Sites Combined,2007,Female,730802,75-79 years,4250562
All Invasive Cancer Sites Combined,2007,Male,810778,75-79 years,4250562
All Invasive Cancer Sites Combined,2008,Female,749603,75-79 years,4250562
All Invasive Cancer Sites Combined,2008,Male,813998,75-79 years,4250562
All Invasive Cancer Sites Combined,2009,Female,763599,75-79 years,4250562
All Invasive Cancer Sites Combined,2009,Male,817002,75-79 years,4250562
All Invasive Cancer Sites Combined,2010,Female,763022,75-79 years,4250562
All Invasive Cancer Sites Combined,2010,Male,814199,75-79 years,4250562
All Invasive Cancer Sites Combined,2011,Female,780218,75-79 years,4250562
All Invasive Cancer Sites Combined,2011,Male,833811,75-79 years,4250562
All Invasive Cancer Sites Combined,2012,Female,792541,75-79 years,4250562
All Invasive Cancer Sites Combined,2012,Male,811616,75-79 years,4250562
All Invasive Cancer Sites Combined,2013,Female,810269,75-79 years,4250562
All Invasive Cancer Sites Combined,2013,Male,826776,75-79 years,4250562
All Invasive Cancer Sites Combined,2014,Female,826828,75-79 years,4250562
All Invasive Cancer Sites Combined,2014,Male,837049,75-79 years,4250562
All Invasive Cancer Sites Combined,2015,Female,846942,75-79 years,4250562
All Invasive Cancer Sites Combined,2015,Male,860777,75-79 years,4250562
All Invasive Cancer Sites Combined,2016,Female,857169,75-79 years,4250562
All Invasive Cancer Sites Combined,2016,Male,877189,75-79 years,4250562
All Invasive Cancer Sites Combined,2017,Female,866365,75-79 years,4250562
All Invasive Cancer Sites Combined,2017,Male,899399,75-79 years,4250562
All Invasive Cancer Sites Combined,2018,Female,878993,75-79 years,4250562
All Invasive Cancer Sites Combined,2018,Male,911982,75-79 years,4250562
All Invasive Cancer Sites Combined,2019,Female,899200,75-79 years,4250562
All Invasive Cancer Sites Combined,2019,Male,938941,75-79 years,4250562
All Invasive Cancer Sites Combined,2020,Female,813880,75-79 years,4250562
All Invasive Cancer Sites Combined,2020,Male,847364,75-79 years,4250562
All Invasive Cancer Sites Combined,2021,Female,877348,75-79 years,4250562
All Invasive Cancer Sites Combined,2021,Male,900218,75-79 years,4250562
All Invasive Cancer Sites Combined,1999,Female,631665,80-84 years,3143402
All Invasive Cancer Sites Combined,1999,Male,672203,80-84 years,3143402
All Invasive Cancer Sites Combined,2000,Female,641827,80-84 years,3143402
All Invasive Cancer Sites Combined,2000,Male,689946,80-84 years,3143402
All Invasive Cancer Sites Combined,2001,Female,662163,80-84 years,3143402
All Invasive Cancer Sites Combined,2001,Male,714899,80-84 years,3143402
All Invasive Cancer Sites Combined,2002,Female,667596,80-84 years,3143402
All Invasive Cancer Sites Combined,2002,Male,726545,80-84 years,3143402
All Invasive Cancer Sites Combined,2003,Female,675915,80-84 years,3143402
All Invasive Cancer Sites Combined,2003,Male,731733,80-84 years,3143402
All Invasive Cancer Sites Combined,2004,Female,687127,80-84 years,3143402
All Invasive Cancer Sites Combined,2004,Male,743860,80-84 years,3143402
All Invasive Cancer Sites Combined,2005,Female,702609,80-84 years,3143402
All Invasive Cancer Sites Combined,2005,Male,756965,80-84 years,3143402
All Invasive Cancer Sites Combined,2006,Female,714495,80-84 years,3143402
All Invasive Cancer Sites Combined,2006,Male,781149,80-84 years,3143402
All Invasive Cancer Sites Combined,2007,Female,730802,80-84 years,3143402
All Invasive Cancer Sites Combined,2007,Male,810778,80-84 years,3143402
All Invasive Cancer Sites Combined,2008,Female,749603,80-84 years,3143402
All Invasive Cancer Sites Combined,2008,Male,813998,80-84 years,3143402
All Invasive Cancer Sites Combined,2009,Female,763599,80-84 years,3143402
All Invasive Cancer Sites Combined,2009,Male,817002,80-84 years,3143402
All Invasive Cancer Sites Combined,2010,Female,763022,80-84 years,3143402
All Invasive Cancer Sites Combined,2010,Male,814199,80-84 years,3143402
All Invasive Cancer Sites Combined,2011,Female,780218,80-84 years,3143402
All Invasive Cancer Sites Combined,2011,Male,833811,80-84 years,3143402
All Invasive Cancer Sites Combined,2012,Female,792541,80-84 years,3143402
All Invasive Cancer Sites Combined,2012,Male,811616,80-84 years,3143402
All Invasive Cancer Sites Combined,2013,Female,810269,80-84 years,3143402
All Invasive Cancer Sites Combined,2013,Male,826776,80-84 years,3143402
All Invasive Cancer Sites Combined,2014,Female,826828,80-84 years,3143402
All Invasive Cancer Sites Combined,2014,Male,837049,80-84 years,3143402
All Invasive Cancer Sites Combined,2015,Female,846942,80-84 years,3143402
All Invasive Cancer Sites Combined,2015,Male,860777,80-84 years,3143402
All Invasive Cancer Sites Combined,2016,Female,857169,80-84 years,3143402
All Invasive Cancer Sites Combined,2016,Male,877189,80-84 years,3143402
All Invasive Cancer Sites Combined,2017,Female,866365,80-84 years,3143402
All Invasive Cancer Sites Combined,2017,Male,899399,80-84 years,3143402
All Invasive Cancer Sites Combined,2018,Female,878993,80-84 years,3143402
All Invasive Cancer Sites Combined,2018,Male,911982,80-84 years,3143402
All Invasive Cancer Sites Combined,2019,Female,899200,80-84 years,3143402
All Invasive Cancer Sites Combined,2019,Male,938941,80-84 years,3143402
All Invasive Cancer Sites Combined,2020,Female,813880,80-84 years,3143402
All Invasive Cancer Sites Combined,2020,Male,847364,80-84 years,3143402
All Invasive Cancer Sites Combined,2021,Female,877348,80-84 years,3143402
All Invasive Cancer Sites Combined,2021,Male,900218,80-84 years,3143402
All Invasive Cancer Sites Combined,1999,Female,631665,85+ years,2772236
All Invasive Cancer Sites Combined,1999,Male,672203,85+ years,2772236
All Invasive Cancer Sites Combined,2000,Female,641827,85+ years,2772236
All Invasive Cancer Sites Combined,2000,Male,689946,85+ years,2772236
All Invasive Cancer Sites Combined,2001,Female,662163,85+ years,2772236
All Invasive Cancer Sites Combined,2001,Male,714899,85+ years,2772236
All Invasive Cancer Sites Combined,2002,Female,667596,85+ years,2772236
All Invasive Cancer Sites Combined,2002,Male,726545,85+ years,2772236
All Invasive Cancer Sites Combined,2003,Female,675915,85+ years,2772236
All Invasive Cancer Sites Combined,2003,Male,731733,85+ years,2772236
All Invasive Cancer Sites Combined,2004,Female,687127,85+ years,2772236
All Invasive Cancer Sites Combined,2004,Male,743860,85+ years,2772236
All Invasive Cancer Sites Combined,2005,Female,702609,85+ years,2772236
All Invasive Cancer Sites Combined,2005,Male,756965,85+ years,2772236
All Invasive Cancer Sites Combined,2006,Female,714495,85+ years,2772236
All Invasive Cancer Sites Combined,2006,Male,781149,85+ years,2772236
All Invasive Cancer Sites Combined,2007,Female,730802,85+ years,2772236
All Invasive Cancer Sites Combined,2007,Male,810778,85+ years,2772236
All Invasive Cancer Sites Combined,2008,Female,749603,85+ years,2772236
All Invasive Cancer Sites Combined,2008,Male,813998,85+ years,2772236
All Invasive Cancer Sites Combined,2009,Female,763599,85+ years,2772236
All Invasive Cancer Sites Combined,2009,Male,817002,85+ years,2772236
All Invasive Cancer Sites Combined,2010,Female,763022,85+ years,2772236
All Invasive Cancer Sites Combined,2010,Male,814199,85+ years,2772236
All Invasive Cancer Sites Combined,2011,Female,780218,85+ years,2772236
All Invasive Cancer Sites Combined,2011,Male,833811,85+ years,2772236
All Invasive Cancer Sites Combined,2012,Female,792541,85+ years,2772236
All Invasive Cancer Sites Combined,2012,Male,811616,85+ years,2772236
All Invasive Cancer Sites Combined,2013,Female,810269,85+ years,2772236
All Invasive Cancer Sites Combined,2013,Male,826776,85+ years,2772236
All Invasive Cancer Sites Combined,2014,Female,826828,85+ years,2772236
All Invasive Cancer Sites Combined,2014,Male,837049,85+ years,2772236
All Invasive Cancer Sites Combined,2015,Female,846942,85+ years,2772236
All Invasive Cancer Sites Combined,2015,Male,860777,85+ years,2772236
All Invasive Cancer Sites Combined,2016,Female,857169,85+ years,2772236
All Invasive Cancer Sites Combined,2016,Male,877189,85+ years,2772236
All Invasive Cancer Sites Combined,2017,Female,866365,85+ years,2772236
All Invasive Cancer Sites Combined,2017,Male,899399,85+ years,2772236
All Invasive Cancer Sites Combined,2018,Female,878993,85+ years,2772236
All Invasive Cancer Sites Combined,2018,Male,911982,85+ years,2772236
All Invasive Cancer Sites Combined,2019,Female,899200,85+ years,2772236
All Invasive Cancer Sites Combined,2019,Male,938941,85+ years,2772236
All Invasive Cancer Sites Combined,2020,Female,813880,85+ years,2772236
All Invasive Cancer Sites Combined,2020,Male,847364,85+ years,2772236
All Invasive Cancer Sites Combined,2021,Female,877348,85+ years,2772236
All Invasive Cancer Sites Combined,2021,Male,900218,85+ years,2772236
